first_name;last_name;middle_name;birth_date;position
"Сергей";"Клюев";"Сергеевич";"1967-4-22";"teacher"
"Алексей";"Максименко";"Сергеевич";"1964-8-18";"head_teacher"
"Сергей";"Клюев";"Александрович";"1969-1-26";"teacher"
"Алексей";"Дунаев";"Владимирович";"1964-4-13";"teacher"
"Иван";"Павлов";"Владимирович";"1965-5-8";"head_teacher"
"Алексей";"Седько";"Алексеевич";"1975-5-23";"head_teacher"
"Алексей";"Дунаев";"Алексеевич";"1988-7-5";"teacher"
"Алексей";"Максименко";"Сергеевич";"1998-1-8";"head_teacher"
"Алексей";"Седько";"Алексеевич";"1993-4-1";"teacher"
"Григорий";"Ришатов";"Александрович";"1979-4-16";"head_teacher"
"Нина";"Суворина";"Алексеевна";"1981-3-6";"teacher"
"Нина";"Логвина";"Владимировна";"1961-5-21";"head_teacher"
"Евгений";"Седько";"Алексеевич";"1992-11-24";"head_teacher"
"Людмила";"Логвина";"Максимовна";"1977-5-13";"head_teacher"
"Ксения";"Логвина";"Максимовна";"1971-4-20";"teacher"
"Клава";"Логвина";"Владимировна";"1985-4-9";"head_teacher"
"Григорий";"Дунаев";"Максимович";"1991-2-20";"teacher"
"Ксения";"Фукина";"Максимовна";"1962-4-27";"head_teacher"
"Клава";"Миклуш";"Владимировна";"1963-4-24";"head_teacher"
"Сергей";"Максименко";"Алексеевич";"1975-1-27";"head_teacher"
"Алексей";"Клюев";"Алексеевич";"1977-8-9";"teacher"
"Владимир";"Дунаев";"Владимирович";"1964-2-18";"teacher"
"Ксения";"Волошина";"Александровна";"1972-1-3";"head_teacher"
"Ксения";"Логвина";"Владимировна";"1986-12-15";"teacher"
"Галина";"Фукина";"Алексеевна";"1984-7-3";"teacher"
"Владимир";"Павлов";"Алексеевич";"1990-4-18";"teacher"
"Ксения";"Миклуш";"Алексеевна";"1988-2-7";"teacher"
"Евгений";"Клюев";"Сергеевич";"1967-10-17";"head_teacher"
"Галина";"Миклуш";"Владимировна";"1975-5-9";"teacher"
"Евгений";"Павлов";"Максимович";"1970-3-8";"head_teacher"
"Иван";"Клюев";"Сергеевич";"1998-12-28";"head_teacher"
"Клава";"Логвина";"Сергеевна";"1986-3-20";"teacher"
"Григорий";"Максименко";"Алексеевич";"1972-1-12";"head_teacher"
"Григорий";"Павлов";"Алексеевич";"1966-8-7";"head_teacher"
"Григорий";"Дунаев";"Сергеевич";"1991-8-11";"head_teacher"
"Владимир";"Ришатов";"Сергеевич";"1969-9-10";"teacher"
"Ксения";"Пешкина";"Александровна";"1996-6-4";"teacher"
"Алексей";"Клюев";"Максимович";"1989-6-7";"teacher"
"Людмила";"Логвина";"Александровна";"1985-8-20";"teacher"
"Алексей";"Седько";"Владимирович";"1992-12-3";"teacher"
"Ксения";"Миклуш";"Владимировна";"1976-2-17";"teacher"
"Иван";"Седько";"Владимирович";"1974-8-11";"teacher"
"Сергей";"Павлов";"Александрович";"1960-3-6";"head_teacher"
"Сергей";"Дунаев";"Максимович";"1992-4-1";"head_teacher"
"Полина";"Фукина";"Сергеевна";"1992-9-28";"teacher"
"Иван";"Максименко";"Алексеевич";"1983-11-26";"teacher"
"Владимир";"Седько";"Алексеевич";"1985-3-5";"teacher"
"Григорий";"Павлов";"Максимович";"1996-7-10";"teacher"
"Ксения";"Логвина";"Владимировна";"1970-5-10";"teacher"
"Галина";"Фукина";"Алексеевна";"1977-5-18";"head_teacher"
"Полина";"Суворина";"Владимировна";"1993-2-7";"teacher"
"Сергей";"Дунаев";"Александрович";"1978-5-20";"head_teacher"
"Людмила";"Суворина";"Сергеевна";"1999-9-21";"teacher"
"Ксения";"Волошина";"Алексеевна";"1969-8-22";"teacher"
"Галина";"Волошина";"Владимировна";"1983-12-24";"teacher"
"Галина";"Пешкина";"Сергеевна";"1961-6-14";"head_teacher"
"Нина";"Миклуш";"Владимировна";"1976-11-11";"head_teacher"
"Ксения";"Миклуш";"Владимировна";"2000-11-23";"teacher"
"Полина";"Суворина";"Сергеевна";"1993-9-21";"teacher"
"Нина";"Миклуш";"Александровна";"1986-10-21";"teacher"
"Евгений";"Ришатов";"Максимович";"1965-4-6";"head_teacher"
"Галина";"Фукина";"Максимовна";"1988-6-17";"teacher"
"Ксения";"Суворина";"Владимировна";"1988-4-20";"teacher"
"Полина";"Суворина";"Максимовна";"1961-12-5";"teacher"
"Владимир";"Ришатов";"Владимирович";"1962-4-6";"head_teacher"
"Галина";"Логвина";"Владимировна";"1968-8-5";"head_teacher"
"Полина";"Пешкина";"Максимовна";"1980-11-23";"head_teacher"
"Ксения";"Суворина";"Александровна";"1981-5-24";"teacher"
"Евгений";"Дунаев";"Алексеевич";"1968-4-20";"teacher"
"Людмила";"Миклуш";"Сергеевна";"1995-4-26";"teacher"
"Полина";"Логвина";"Алексеевна";"1997-11-2";"head_teacher"
"Клава";"Суворина";"Сергеевна";"1978-6-8";"head_teacher"
"Иван";"Максименко";"Максимович";"1998-12-17";"head_teacher"
"Сергей";"Павлов";"Алексеевич";"1962-6-16";"teacher"
"Ксения";"Фукина";"Максимовна";"1960-9-7";"teacher"
"Владимир";"Седько";"Максимович";"1974-1-7";"teacher"
"Владимир";"Седько";"Владимирович";"1975-1-7";"teacher"
"Полина";"Суворина";"Александровна";"1968-12-24";"teacher"
"Алексей";"Клюев";"Александрович";"1974-6-15";"teacher"
"Ксения";"Миклуш";"Сергеевна";"1972-2-7";"head_teacher"
"Клава";"Пешкина";"Александровна";"1968-12-6";"head_teacher"
"Иван";"Клюев";"Сергеевич";"1998-12-23";"head_teacher"
"Алексей";"Седько";"Сергеевич";"1971-3-28";"head_teacher"
"Ксения";"Логвина";"Максимовна";"1987-11-25";"teacher"
"Владимир";"Клюев";"Алексеевич";"1987-2-5";"head_teacher"
"Клава";"Миклуш";"Алексеевна";"1960-4-16";"teacher"
"Евгений";"Ришатов";"Сергеевич";"1975-4-11";"teacher"
"Григорий";"Седько";"Александрович";"2000-1-14";"head_teacher"
"Клава";"Пешкина";"Александровна";"1982-3-20";"head_teacher"
"Нина";"Суворина";"Александровна";"1972-9-26";"teacher"
"Ксения";"Пешкина";"Максимовна";"1975-11-17";"teacher"
"Сергей";"Дунаев";"Владимирович";"1973-7-15";"head_teacher"
"Клава";"Суворина";"Максимовна";"1974-5-21";"head_teacher"
"Нина";"Пешкина";"Владимировна";"1976-8-23";"teacher"
"Клава";"Логвина";"Александровна";"1964-9-23";"head_teacher"
"Полина";"Пешкина";"Владимировна";"2000-6-9";"teacher"
"Галина";"Суворина";"Максимовна";"1962-7-9";"head_teacher"
"Алексей";"Максименко";"Сергеевич";"1988-4-11";"teacher"
"Владимир";"Седько";"Александрович";"1968-4-24";"teacher"
"Нина";"Волошина";"Алексеевна";"1969-2-7";"head_teacher"
"Галина";"Пешкина";"Сергеевна";"1965-2-21";"teacher"
"Владимир";"Седько";"Владимирович";"1970-11-17";"teacher"
"Галина";"Миклуш";"Александровна";"1994-7-4";"teacher"
"Алексей";"Седько";"Алексеевич";"1965-9-3";"teacher"
"Иван";"Ришатов";"Максимович";"1993-11-12";"head_teacher"
"Ксения";"Миклуш";"Александровна";"1970-5-14";"teacher"
"Клава";"Миклуш";"Сергеевна";"1981-6-16";"head_teacher"
"Алексей";"Ришатов";"Сергеевич";"1964-11-19";"head_teacher"
"Алексей";"Седько";"Максимович";"1985-9-15";"teacher"
"Сергей";"Клюев";"Максимович";"1984-6-2";"head_teacher"
"Алексей";"Седько";"Максимович";"1985-4-13";"teacher"
"Сергей";"Ришатов";"Максимович";"1974-9-5";"teacher"
"Евгений";"Дунаев";"Алексеевич";"1971-9-2";"teacher"
"Клава";"Фукина";"Владимировна";"1991-10-22";"teacher"
"Алексей";"Дунаев";"Максимович";"1963-4-7";"teacher"
"Галина";"Логвина";"Владимировна";"2000-2-19";"teacher"
"Григорий";"Дунаев";"Алексеевич";"1972-4-2";"teacher"
"Евгений";"Дунаев";"Сергеевич";"1998-8-19";"head_teacher"
"Иван";"Максименко";"Владимирович";"1980-8-14";"teacher"
"Евгений";"Максименко";"Максимович";"1962-5-22";"head_teacher"
"Нина";"Миклуш";"Максимовна";"1997-2-6";"teacher"
"Людмила";"Суворина";"Сергеевна";"1984-3-2";"head_teacher"
"Нина";"Суворина";"Максимовна";"1977-6-8";"head_teacher"
"Иван";"Ришатов";"Алексеевич";"1983-3-16";"teacher"
"Ксения";"Логвина";"Максимовна";"1996-3-13";"teacher"
"Сергей";"Ришатов";"Алексеевич";"1961-6-27";"teacher"
"Сергей";"Ришатов";"Сергеевич";"1966-10-26";"teacher"
"Сергей";"Ришатов";"Александрович";"1962-7-20";"head_teacher"
"Владимир";"Седько";"Сергеевич";"1961-8-23";"head_teacher"
"Людмила";"Миклуш";"Александровна";"1978-9-19";"head_teacher"
"Евгений";"Клюев";"Алексеевич";"1980-8-12";"teacher"
"Алексей";"Ришатов";"Владимирович";"1991-2-26";"head_teacher"
"Нина";"Фукина";"Владимировна";"1981-6-3";"head_teacher"
"Алексей";"Дунаев";"Алексеевич";"1984-6-28";"head_teacher"
"Владимир";"Ришатов";"Владимирович";"1964-4-25";"teacher"
"Алексей";"Павлов";"Максимович";"1994-5-8";"head_teacher"
"Алексей";"Клюев";"Александрович";"1981-4-10";"teacher"
"Иван";"Седько";"Владимирович";"1964-9-20";"head_teacher"
"Григорий";"Дунаев";"Алексеевич";"1990-11-10";"teacher"
"Нина";"Волошина";"Сергеевна";"1986-3-21";"head_teacher"
"Ксения";"Фукина";"Александровна";"1982-2-14";"head_teacher"
"Людмила";"Пешкина";"Александровна";"1999-9-14";"head_teacher"
"Людмила";"Миклуш";"Владимировна";"1966-3-8";"teacher"
"Полина";"Суворина";"Владимировна";"1995-5-26";"teacher"
"Нина";"Логвина";"Сергеевна";"1968-12-11";"head_teacher"
"Ксения";"Суворина";"Александровна";"1999-11-10";"head_teacher"
"Иван";"Дунаев";"Алексеевич";"1980-8-17";"teacher"
"Клава";"Суворина";"Максимовна";"1960-9-19";"teacher"
"Ксения";"Волошина";"Александровна";"1966-3-25";"teacher"
"Иван";"Седько";"Александрович";"1961-3-1";"teacher"
"Владимир";"Павлов";"Александрович";"1968-1-27";"teacher"
"Григорий";"Максименко";"Сергеевич";"1993-1-18";"head_teacher"
"Клава";"Фукина";"Сергеевна";"1971-3-10";"head_teacher"
"Сергей";"Ришатов";"Максимович";"1963-4-24";"head_teacher"
"Алексей";"Дунаев";"Владимирович";"1967-10-19";"teacher"
"Сергей";"Седько";"Сергеевич";"1981-2-2";"head_teacher"
"Клава";"Волошина";"Сергеевна";"1978-1-9";"head_teacher"
"Григорий";"Максименко";"Владимирович";"1962-12-1";"teacher"
"Иван";"Павлов";"Максимович";"1974-3-4";"teacher"
"Владимир";"Седько";"Александрович";"1974-2-25";"teacher"
"Ксения";"Суворина";"Владимировна";"1975-12-7";"teacher"
"Клава";"Суворина";"Александровна";"1987-9-18";"head_teacher"
"Нина";"Волошина";"Алексеевна";"1999-7-5";"head_teacher"
"Нина";"Логвина";"Сергеевна";"1967-11-9";"head_teacher"
"Сергей";"Седько";"Максимович";"2000-2-21";"head_teacher"
"Евгений";"Клюев";"Владимирович";"1985-10-27";"head_teacher"
"Ксения";"Волошина";"Владимировна";"1970-1-13";"teacher"
"Нина";"Суворина";"Владимировна";"1988-3-19";"teacher"
"Галина";"Логвина";"Владимировна";"1970-12-25";"head_teacher"
"Полина";"Логвина";"Владимировна";"1966-11-26";"teacher"
"Иван";"Седько";"Алексеевич";"1990-4-8";"teacher"
"Ксения";"Фукина";"Максимовна";"1962-1-4";"teacher"
"Евгений";"Седько";"Сергеевич";"1991-10-24";"head_teacher"
"Сергей";"Дунаев";"Максимович";"1989-7-24";"head_teacher"
"Клава";"Пешкина";"Максимовна";"1998-12-3";"head_teacher"
"Евгений";"Седько";"Александрович";"1990-6-9";"teacher"
"Григорий";"Павлов";"Алексеевич";"1969-9-5";"head_teacher"
"Алексей";"Павлов";"Максимович";"1988-5-18";"head_teacher"
"Евгений";"Павлов";"Сергеевич";"1976-4-13";"teacher"
"Галина";"Фукина";"Максимовна";"1998-4-7";"teacher"
"Евгений";"Максименко";"Сергеевич";"1999-9-1";"teacher"
"Григорий";"Седько";"Алексеевич";"1986-11-24";"head_teacher"
"Григорий";"Ришатов";"Максимович";"1992-10-3";"teacher"
"Галина";"Миклуш";"Александровна";"1978-2-24";"head_teacher"
"Сергей";"Ришатов";"Сергеевич";"1964-12-12";"head_teacher"
"Людмила";"Миклуш";"Сергеевна";"1994-8-15";"head_teacher"
"Полина";"Пешкина";"Максимовна";"1972-8-19";"teacher"
"Владимир";"Максименко";"Алексеевич";"1997-5-22";"teacher"
"Клава";"Логвина";"Александровна";"1988-4-27";"head_teacher"
"Сергей";"Клюев";"Алексеевич";"1992-6-5";"head_teacher"
"Иван";"Дунаев";"Алексеевич";"1991-7-3";"teacher"
"Владимир";"Дунаев";"Александрович";"2000-3-21";"teacher"
"Полина";"Пешкина";"Александровна";"1975-10-13";"teacher"
"Григорий";"Седько";"Максимович";"1998-2-8";"teacher"
"Иван";"Ришатов";"Владимирович";"1980-1-25";"head_teacher"
"Владимир";"Ришатов";"Алексеевич";"1960-10-12";"teacher"
"Нина";"Фукина";"Владимировна";"1975-9-5";"teacher"
"Григорий";"Седько";"Сергеевич";"1993-11-20";"head_teacher"
"Полина";"Пешкина";"Максимовна";"1999-3-2";"head_teacher"
"Ксения";"Фукина";"Сергеевна";"1996-5-24";"head_teacher"
"Галина";"Фукина";"Максимовна";"1999-3-22";"head_teacher"
"Иван";"Дунаев";"Александрович";"1970-3-23";"head_teacher"
"Полина";"Суворина";"Алексеевна";"1993-4-9";"head_teacher"
"Клава";"Суворина";"Владимировна";"1977-3-9";"head_teacher"
"Владимир";"Клюев";"Сергеевич";"1994-7-20";"head_teacher"
"Галина";"Волошина";"Алексеевна";"1987-8-7";"teacher"
"Ксения";"Миклуш";"Алексеевна";"1966-2-6";"teacher"
"Сергей";"Дунаев";"Алексеевич";"1975-9-13";"head_teacher"
"Владимир";"Седько";"Сергеевич";"1979-6-24";"teacher"
"Ксения";"Волошина";"Алексеевна";"1975-9-9";"head_teacher"
"Григорий";"Седько";"Максимович";"1996-4-25";"head_teacher"
"Иван";"Ришатов";"Александрович";"1998-3-3";"teacher"
"Полина";"Миклуш";"Алексеевна";"1974-10-13";"teacher"
"Григорий";"Максименко";"Владимирович";"1980-1-17";"teacher"
"Галина";"Фукина";"Сергеевна";"1977-11-26";"teacher"
"Сергей";"Седько";"Алексеевич";"1997-9-21";"head_teacher"
"Галина";"Волошина";"Александровна";"1977-7-5";"head_teacher"
"Ксения";"Логвина";"Алексеевна";"1988-5-15";"head_teacher"
"Евгений";"Дунаев";"Владимирович";"1994-4-14";"head_teacher"
"Галина";"Логвина";"Александровна";"1973-12-4";"teacher"
"Полина";"Волошина";"Александровна";"1965-11-14";"teacher"
"Ксения";"Миклуш";"Сергеевна";"1960-10-6";"teacher"
"Григорий";"Клюев";"Владимирович";"1963-2-16";"head_teacher"
"Людмила";"Волошина";"Максимовна";"1977-5-21";"teacher"
"Евгений";"Седько";"Алексеевич";"1994-7-14";"head_teacher"
"Алексей";"Седько";"Владимирович";"1995-10-9";"teacher"
"Евгений";"Павлов";"Александрович";"1978-4-27";"teacher"
"Галина";"Суворина";"Сергеевна";"1977-10-1";"teacher"
"Полина";"Миклуш";"Александровна";"1968-7-12";"head_teacher"
"Клава";"Волошина";"Александровна";"1961-9-4";"teacher"
"Алексей";"Дунаев";"Сергеевич";"1971-2-14";"head_teacher"
"Людмила";"Фукина";"Сергеевна";"1995-11-14";"teacher"
"Алексей";"Клюев";"Александрович";"1972-3-14";"head_teacher"
"Иван";"Седько";"Максимович";"1969-3-19";"head_teacher"
"Клава";"Логвина";"Максимовна";"1983-6-5";"teacher"
"Галина";"Пешкина";"Алексеевна";"1989-10-8";"head_teacher"
"Ксения";"Волошина";"Максимовна";"2000-3-3";"teacher"
"Алексей";"Седько";"Максимович";"1982-11-17";"head_teacher"
"Галина";"Волошина";"Алексеевна";"1990-8-28";"head_teacher"
"Клава";"Пешкина";"Владимировна";"1973-10-1";"teacher"
"Нина";"Фукина";"Владимировна";"1991-12-23";"head_teacher"
"Владимир";"Павлов";"Алексеевич";"1971-9-5";"head_teacher"
"Людмила";"Фукина";"Сергеевна";"1973-4-21";"head_teacher"
"Людмила";"Волошина";"Алексеевна";"1978-12-19";"head_teacher"
"Алексей";"Максименко";"Алексеевич";"1981-11-12";"teacher"
"Евгений";"Седько";"Владимирович";"1960-12-1";"teacher"
"Клава";"Пешкина";"Александровна";"1991-9-6";"head_teacher"
"Галина";"Логвина";"Алексеевна";"1991-9-5";"head_teacher"
"Нина";"Фукина";"Максимовна";"1978-9-9";"head_teacher"
"Сергей";"Максименко";"Алексеевич";"1961-12-10";"teacher"
"Нина";"Миклуш";"Александровна";"1998-6-4";"head_teacher"
"Полина";"Миклуш";"Алексеевна";"1980-4-2";"teacher"
"Галина";"Волошина";"Александровна";"1992-2-22";"teacher"
"Клава";"Миклуш";"Сергеевна";"2000-11-10";"teacher"
"Клава";"Пешкина";"Алексеевна";"2000-6-23";"head_teacher"
"Алексей";"Дунаев";"Алексеевич";"1997-8-28";"head_teacher"
"Ксения";"Пешкина";"Максимовна";"1994-8-11";"head_teacher"
"Владимир";"Седько";"Сергеевич";"1967-7-9";"teacher"
"Полина";"Суворина";"Владимировна";"1999-7-12";"head_teacher"
"Людмила";"Фукина";"Максимовна";"1994-6-17";"head_teacher"
"Григорий";"Павлов";"Сергеевич";"1984-3-10";"teacher"
"Нина";"Миклуш";"Владимировна";"1998-1-14";"teacher"
"Сергей";"Седько";"Максимович";"1997-10-1";"head_teacher"
"Евгений";"Максименко";"Владимирович";"1970-12-21";"head_teacher"
"Владимир";"Максименко";"Александрович";"1998-4-21";"teacher"
"Евгений";"Максименко";"Александрович";"1978-6-23";"teacher"
"Людмила";"Пешкина";"Сергеевна";"1990-2-25";"head_teacher"
"Евгений";"Дунаев";"Максимович";"1975-9-19";"teacher"
"Иван";"Седько";"Александрович";"1987-8-15";"teacher"
"Ксения";"Пешкина";"Владимировна";"1997-11-4";"head_teacher"
"Нина";"Логвина";"Сергеевна";"1977-5-19";"teacher"
"Алексей";"Клюев";"Максимович";"1997-11-8";"head_teacher"
"Людмила";"Суворина";"Максимовна";"1987-11-12";"teacher"
"Людмила";"Логвина";"Александровна";"1968-2-8";"head_teacher"
"Галина";"Фукина";"Алексеевна";"1997-2-16";"head_teacher"
"Галина";"Суворина";"Владимировна";"1985-4-21";"teacher"
"Евгений";"Клюев";"Максимович";"1987-12-13";"teacher"
"Полина";"Фукина";"Владимировна";"2000-12-8";"head_teacher"
"Владимир";"Ришатов";"Алексеевич";"1964-7-2";"head_teacher"
"Людмила";"Суворина";"Максимовна";"1978-12-14";"teacher"
"Сергей";"Максименко";"Александрович";"1998-4-28";"head_teacher"
"Сергей";"Седько";"Максимович";"1965-4-20";"head_teacher"
"Евгений";"Павлов";"Алексеевич";"1985-7-24";"head_teacher"
"Людмила";"Фукина";"Максимовна";"1961-10-17";"head_teacher"
"Людмила";"Пешкина";"Александровна";"1985-1-4";"head_teacher"
"Евгений";"Павлов";"Алексеевич";"1991-10-10";"head_teacher"
"Людмила";"Логвина";"Александровна";"1990-4-7";"head_teacher"
"Галина";"Миклуш";"Сергеевна";"1994-10-8";"teacher"
"Евгений";"Павлов";"Александрович";"1999-10-3";"head_teacher"
"Владимир";"Дунаев";"Сергеевич";"1985-5-21";"teacher"
"Владимир";"Павлов";"Александрович";"1981-11-17";"teacher"
"Иван";"Клюев";"Владимирович";"1977-4-8";"head_teacher"
"Евгений";"Седько";"Алексеевич";"1975-6-7";"head_teacher"
"Клава";"Фукина";"Владимировна";"1970-11-15";"teacher"
"Нина";"Волошина";"Александровна";"1975-1-20";"teacher"
"Людмила";"Миклуш";"Владимировна";"1976-1-25";"head_teacher"
"Нина";"Волошина";"Александровна";"1982-2-15";"teacher"
"Евгений";"Ришатов";"Сергеевич";"1990-3-14";"teacher"
"Людмила";"Фукина";"Сергеевна";"1986-4-20";"head_teacher"
"Иван";"Ришатов";"Владимирович";"1981-4-17";"teacher"
"Полина";"Логвина";"Владимировна";"1980-7-14";"head_teacher"
"Людмила";"Пешкина";"Алексеевна";"1985-5-5";"teacher"
"Ксения";"Логвина";"Сергеевна";"1968-10-14";"teacher"
"Иван";"Седько";"Алексеевич";"1996-6-4";"head_teacher"
"Людмила";"Миклуш";"Алексеевна";"1973-6-11";"teacher"
"Владимир";"Максименко";"Максимович";"1987-7-20";"head_teacher"
"Алексей";"Максименко";"Владимирович";"1995-3-2";"teacher"
"Иван";"Седько";"Сергеевич";"1963-1-11";"teacher"
"Полина";"Волошина";"Сергеевна";"1978-5-15";"teacher"
"Полина";"Миклуш";"Владимировна";"1964-11-20";"head_teacher"
"Галина";"Пешкина";"Владимировна";"1967-7-18";"teacher"
"Григорий";"Ришатов";"Владимирович";"1969-11-11";"head_teacher"
"Владимир";"Клюев";"Владимирович";"1997-8-27";"teacher"
"Алексей";"Клюев";"Сергеевич";"1965-3-10";"head_teacher"
"Владимир";"Максименко";"Сергеевич";"1998-9-5";"head_teacher"
"Ксения";"Фукина";"Александровна";"1996-6-23";"head_teacher"
"Иван";"Седько";"Максимович";"1999-8-12";"teacher"
"Полина";"Миклуш";"Владимировна";"1961-8-19";"teacher"
"Алексей";"Павлов";"Александрович";"1972-6-4";"teacher"
"Ксения";"Суворина";"Владимировна";"1991-8-23";"teacher"
"Полина";"Пешкина";"Александровна";"1976-4-21";"teacher"
"Владимир";"Максименко";"Максимович";"1994-1-5";"teacher"
"Алексей";"Седько";"Александрович";"1961-2-18";"teacher"
"Иван";"Ришатов";"Максимович";"1998-10-2";"head_teacher"
"Клава";"Пешкина";"Владимировна";"1991-4-2";"head_teacher"
"Клава";"Миклуш";"Александровна";"1971-6-27";"teacher"
"Людмила";"Фукина";"Алексеевна";"1962-2-7";"teacher"
"Нина";"Пешкина";"Максимовна";"1994-11-26";"head_teacher"
"Ксения";"Миклуш";"Алексеевна";"1990-11-22";"teacher"
"Полина";"Миклуш";"Алексеевна";"1993-3-16";"teacher"
"Евгений";"Клюев";"Сергеевич";"1983-2-18";"head_teacher"
"Сергей";"Седько";"Максимович";"1972-3-20";"head_teacher"
"Сергей";"Клюев";"Александрович";"1971-1-7";"teacher"
"Сергей";"Клюев";"Алексеевич";"1977-11-7";"teacher"
"Алексей";"Максименко";"Александрович";"1967-8-11";"teacher"
"Сергей";"Павлов";"Максимович";"1963-5-19";"head_teacher"
"Ксения";"Фукина";"Максимовна";"1979-12-2";"head_teacher"
"Клава";"Фукина";"Сергеевна";"1977-10-16";"head_teacher"
"Сергей";"Павлов";"Владимирович";"1986-9-9";"head_teacher"
"Людмила";"Логвина";"Владимировна";"1990-11-15";"teacher"
"Полина";"Волошина";"Александровна";"1974-11-20";"head_teacher"
"Людмила";"Пешкина";"Алексеевна";"1978-9-28";"head_teacher"
"Галина";"Суворина";"Владимировна";"1982-7-12";"head_teacher"
"Галина";"Логвина";"Максимовна";"1998-6-2";"teacher"
"Алексей";"Дунаев";"Сергеевич";"1969-4-27";"teacher"
"Клава";"Логвина";"Максимовна";"1974-2-23";"teacher"
"Ксения";"Миклуш";"Алексеевна";"1984-7-16";"head_teacher"
"Клава";"Пешкина";"Александровна";"1965-11-14";"head_teacher"
"Сергей";"Седько";"Сергеевич";"1989-1-17";"teacher"
"Иван";"Ришатов";"Максимович";"1973-6-27";"head_teacher"
"Ксения";"Миклуш";"Александровна";"1993-7-7";"head_teacher"
"Клава";"Пешкина";"Владимировна";"1998-12-24";"teacher"
"Полина";"Волошина";"Александровна";"1996-4-3";"head_teacher"
"Григорий";"Максименко";"Александрович";"1988-7-26";"head_teacher"
"Нина";"Фукина";"Александровна";"1985-12-9";"teacher"
"Нина";"Пешкина";"Максимовна";"1990-12-11";"teacher"
"Людмила";"Фукина";"Владимировна";"1983-3-18";"head_teacher"
"Нина";"Миклуш";"Сергеевна";"1993-2-11";"teacher"
"Нина";"Логвина";"Алексеевна";"1985-3-23";"teacher"
"Иван";"Седько";"Владимирович";"1964-5-25";"head_teacher"
"Владимир";"Дунаев";"Максимович";"1970-9-1";"teacher"
"Алексей";"Клюев";"Александрович";"1980-5-2";"teacher"
"Полина";"Логвина";"Сергеевна";"1961-3-24";"teacher"
"Владимир";"Дунаев";"Алексеевич";"1991-6-26";"head_teacher"
"Евгений";"Дунаев";"Максимович";"1989-10-9";"teacher"
"Алексей";"Клюев";"Владимирович";"1994-5-28";"teacher"
"Григорий";"Клюев";"Максимович";"1974-12-22";"head_teacher"
"Иван";"Максименко";"Максимович";"1997-1-28";"teacher"
"Владимир";"Дунаев";"Алексеевич";"1971-1-13";"head_teacher"
"Владимир";"Дунаев";"Алексеевич";"1978-1-10";"teacher"
"Сергей";"Максименко";"Сергеевич";"1976-8-23";"teacher"
"Клава";"Пешкина";"Алексеевна";"1971-3-13";"teacher"
"Григорий";"Седько";"Сергеевич";"1985-10-21";"head_teacher"
"Людмила";"Волошина";"Владимировна";"1994-7-7";"teacher"
"Сергей";"Ришатов";"Максимович";"1962-1-21";"head_teacher"
"Людмила";"Суворина";"Александровна";"1967-4-1";"teacher"
"Ксения";"Логвина";"Владимировна";"1980-3-23";"teacher"
"Евгений";"Седько";"Максимович";"1983-10-21";"head_teacher"
"Нина";"Фукина";"Владимировна";"1963-6-28";"teacher"
"Нина";"Миклуш";"Владимировна";"1963-8-8";"head_teacher"
"Григорий";"Павлов";"Максимович";"1997-12-5";"teacher"
"Иван";"Дунаев";"Сергеевич";"1988-11-7";"teacher"
"Алексей";"Ришатов";"Максимович";"1971-10-16";"teacher"
"Евгений";"Дунаев";"Сергеевич";"1993-7-8";"teacher"
"Сергей";"Ришатов";"Максимович";"1983-11-10";"teacher"
"Галина";"Фукина";"Сергеевна";"1978-8-28";"teacher"
"Алексей";"Дунаев";"Алексеевич";"1990-4-12";"head_teacher"
"Клава";"Логвина";"Максимовна";"1986-10-21";"head_teacher"
"Нина";"Логвина";"Александровна";"1995-4-16";"teacher"
"Евгений";"Дунаев";"Сергеевич";"1974-10-23";"head_teacher"
"Иван";"Клюев";"Максимович";"1980-2-25";"teacher"
"Полина";"Пешкина";"Владимировна";"1998-5-22";"teacher"
"Клава";"Миклуш";"Александровна";"1987-5-27";"teacher"
"Галина";"Логвина";"Максимовна";"1967-7-12";"head_teacher"
"Иван";"Дунаев";"Александрович";"1993-10-14";"head_teacher"
"Полина";"Пешкина";"Владимировна";"1999-8-16";"teacher"
"Клава";"Суворина";"Максимовна";"1963-1-19";"teacher"
"Нина";"Фукина";"Сергеевна";"1994-8-28";"teacher"
"Владимир";"Клюев";"Сергеевич";"1980-12-7";"teacher"
"Галина";"Суворина";"Сергеевна";"1978-12-15";"teacher"
"Людмила";"Фукина";"Максимовна";"1981-5-6";"teacher"
"Иван";"Максименко";"Владимирович";"1989-5-2";"head_teacher"
"Ксения";"Пешкина";"Алексеевна";"1965-4-25";"teacher"
"Ксения";"Волошина";"Владимировна";"1960-8-19";"head_teacher"
"Нина";"Фукина";"Алексеевна";"1969-9-23";"head_teacher"
"Людмила";"Фукина";"Владимировна";"1974-5-2";"teacher"
"Клава";"Пешкина";"Максимовна";"1962-10-26";"head_teacher"
"Владимир";"Максименко";"Александрович";"1970-5-26";"head_teacher"
"Иван";"Максименко";"Александрович";"1971-2-24";"head_teacher"
"Полина";"Суворина";"Максимовна";"1966-7-4";"teacher"
"Евгений";"Ришатов";"Максимович";"1989-11-13";"teacher"
"Григорий";"Клюев";"Александрович";"1965-9-7";"head_teacher"
"Нина";"Логвина";"Алексеевна";"1994-9-23";"head_teacher"
"Владимир";"Павлов";"Александрович";"1978-7-5";"teacher"
"Евгений";"Максименко";"Алексеевич";"1962-10-11";"head_teacher"
"Алексей";"Дунаев";"Сергеевич";"1974-2-16";"teacher"
"Ксения";"Миклуш";"Сергеевна";"1964-7-23";"teacher"
"Владимир";"Максименко";"Алексеевич";"1980-6-18";"teacher"
"Алексей";"Клюев";"Сергеевич";"1980-10-24";"head_teacher"
"Сергей";"Дунаев";"Владимирович";"1983-12-9";"teacher"
"Клава";"Миклуш";"Максимовна";"1964-2-9";"teacher"
"Нина";"Фукина";"Максимовна";"1977-6-5";"head_teacher"
"Григорий";"Седько";"Алексеевич";"1965-10-9";"teacher"
"Евгений";"Седько";"Максимович";"1975-5-19";"teacher"
"Ксения";"Логвина";"Алексеевна";"2000-8-18";"teacher"
"Ксения";"Суворина";"Максимовна";"1970-1-5";"teacher"
"Алексей";"Дунаев";"Владимирович";"1994-2-3";"teacher"
"Людмила";"Суворина";"Александровна";"2000-5-3";"teacher"
"Клава";"Фукина";"Алексеевна";"1998-7-9";"teacher"
"Владимир";"Ришатов";"Александрович";"1997-2-12";"teacher"
"Нина";"Пешкина";"Владимировна";"1977-9-10";"teacher"
"Евгений";"Седько";"Владимирович";"1976-7-23";"head_teacher"
"Евгений";"Клюев";"Максимович";"1965-8-3";"teacher"
"Сергей";"Седько";"Сергеевич";"1967-11-24";"teacher"
"Владимир";"Максименко";"Сергеевич";"1990-5-8";"teacher"
"Григорий";"Максименко";"Алексеевич";"1992-11-4";"teacher"
"Иван";"Павлов";"Максимович";"1973-6-26";"teacher"
"Галина";"Фукина";"Владимировна";"1964-2-11";"head_teacher"
"Клава";"Фукина";"Сергеевна";"1974-3-4";"head_teacher"
"Сергей";"Клюев";"Владимирович";"1994-3-18";"head_teacher"
"Галина";"Пешкина";"Алексеевна";"1998-11-6";"teacher"
"Иван";"Павлов";"Максимович";"1989-12-6";"teacher"
"Владимир";"Дунаев";"Алексеевич";"1995-9-7";"head_teacher"
"Людмила";"Пешкина";"Владимировна";"1980-6-6";"teacher"
"Иван";"Седько";"Сергеевич";"1989-11-18";"teacher"
"Евгений";"Седько";"Сергеевич";"1979-12-5";"teacher"
"Ксения";"Суворина";"Алексеевна";"1965-3-17";"teacher"
"Полина";"Волошина";"Алексеевна";"2000-12-6";"teacher"
"Иван";"Дунаев";"Максимович";"1961-11-27";"teacher"
"Полина";"Суворина";"Владимировна";"1967-1-22";"teacher"
"Клава";"Фукина";"Алексеевна";"1995-10-1";"head_teacher"
"Евгений";"Клюев";"Сергеевич";"2000-1-16";"head_teacher"
"Владимир";"Седько";"Сергеевич";"1967-11-8";"head_teacher"
"Владимир";"Максименко";"Александрович";"1961-7-4";"teacher"
"Нина";"Волошина";"Максимовна";"1965-4-14";"head_teacher"
"Людмила";"Логвина";"Максимовна";"1989-7-22";"head_teacher"
"Иван";"Ришатов";"Максимович";"1994-9-3";"head_teacher"
"Галина";"Логвина";"Сергеевна";"2000-2-17";"teacher"
"Сергей";"Ришатов";"Александрович";"1962-7-8";"teacher"
"Григорий";"Максименко";"Алексеевич";"1973-12-12";"head_teacher"
"Иван";"Ришатов";"Алексеевич";"1984-5-23";"head_teacher"
"Евгений";"Седько";"Владимирович";"1995-9-19";"head_teacher"
"Григорий";"Клюев";"Сергеевич";"1983-9-24";"head_teacher"
"Полина";"Волошина";"Сергеевна";"1980-3-14";"head_teacher"
"Клава";"Логвина";"Владимировна";"1974-3-20";"head_teacher"
"Клава";"Пешкина";"Алексеевна";"1983-5-12";"head_teacher"
"Нина";"Пешкина";"Сергеевна";"1961-6-13";"head_teacher"
"Григорий";"Максименко";"Максимович";"1961-5-19";"teacher"
"Полина";"Волошина";"Максимовна";"1988-5-13";"head_teacher"
"Нина";"Логвина";"Сергеевна";"1991-12-4";"head_teacher"
"Нина";"Пешкина";"Сергеевна";"1990-11-16";"head_teacher"
"Евгений";"Павлов";"Александрович";"1969-5-25";"head_teacher"
"Иван";"Павлов";"Сергеевич";"1973-7-3";"teacher"
"Григорий";"Дунаев";"Алексеевич";"1984-1-5";"teacher"
"Полина";"Суворина";"Алексеевна";"1981-3-8";"teacher"
"Евгений";"Ришатов";"Алексеевич";"1964-5-28";"teacher"
"Ксения";"Фукина";"Максимовна";"1993-11-23";"teacher"
"Ксения";"Фукина";"Александровна";"1996-11-1";"head_teacher"
"Галина";"Волошина";"Владимировна";"1992-7-28";"head_teacher"
"Сергей";"Клюев";"Сергеевич";"1968-8-8";"teacher"
"Владимир";"Ришатов";"Владимирович";"1998-7-25";"teacher"
"Григорий";"Дунаев";"Александрович";"1992-1-4";"head_teacher"
"Григорий";"Дунаев";"Алексеевич";"1982-12-28";"teacher"
"Сергей";"Павлов";"Сергеевич";"1991-12-22";"head_teacher"
"Полина";"Суворина";"Алексеевна";"1987-2-7";"head_teacher"
"Сергей";"Павлов";"Сергеевич";"1975-4-4";"head_teacher"
"Сергей";"Павлов";"Владимирович";"1966-1-6";"teacher"
"Алексей";"Павлов";"Владимирович";"1999-10-7";"head_teacher"
"Сергей";"Ришатов";"Владимирович";"1997-4-3";"teacher"
"Клава";"Фукина";"Максимовна";"1973-3-21";"teacher"
"Ксения";"Суворина";"Алексеевна";"1977-1-23";"head_teacher"
"Галина";"Фукина";"Владимировна";"1984-11-14";"head_teacher"
"Григорий";"Максименко";"Александрович";"1992-3-17";"head_teacher"
"Евгений";"Павлов";"Алексеевич";"1997-2-10";"teacher"
"Нина";"Волошина";"Максимовна";"1985-9-23";"teacher"
"Сергей";"Седько";"Сергеевич";"1961-9-2";"teacher"
"Нина";"Пешкина";"Алексеевна";"1968-11-26";"teacher"
"Людмила";"Миклуш";"Сергеевна";"1963-7-20";"head_teacher"
"Евгений";"Седько";"Алексеевич";"1983-11-10";"teacher"
"Людмила";"Фукина";"Алексеевна";"1985-3-28";"teacher"
"Алексей";"Дунаев";"Александрович";"1978-5-22";"head_teacher"
"Людмила";"Логвина";"Алексеевна";"1996-8-18";"head_teacher"
"Евгений";"Ришатов";"Александрович";"1993-2-22";"head_teacher"
"Нина";"Логвина";"Алексеевна";"1980-11-8";"teacher"
"Алексей";"Дунаев";"Алексеевич";"1998-7-20";"teacher"
"Алексей";"Павлов";"Сергеевич";"1976-8-20";"head_teacher"
"Иван";"Ришатов";"Алексеевич";"1961-12-16";"head_teacher"
"Людмила";"Суворина";"Александровна";"1986-7-1";"head_teacher"
"Владимир";"Клюев";"Алексеевич";"1964-6-22";"head_teacher"
"Владимир";"Павлов";"Владимирович";"1999-7-7";"teacher"
"Алексей";"Седько";"Сергеевич";"1980-3-15";"head_teacher"
"Алексей";"Ришатов";"Алексеевич";"1976-12-28";"teacher"
"Евгений";"Дунаев";"Алексеевич";"1962-12-24";"teacher"
"Сергей";"Ришатов";"Александрович";"1994-2-11";"head_teacher"
"Клава";"Суворина";"Александровна";"1997-5-12";"teacher"
"Людмила";"Фукина";"Сергеевна";"1994-9-2";"teacher"
"Полина";"Фукина";"Владимировна";"1991-1-5";"teacher"
"Григорий";"Седько";"Александрович";"1986-3-24";"head_teacher"
"Ксения";"Фукина";"Сергеевна";"1964-4-14";"teacher"
"Алексей";"Павлов";"Максимович";"1979-10-12";"head_teacher"
"Иван";"Клюев";"Алексеевич";"1961-9-11";"head_teacher"
"Ксения";"Логвина";"Сергеевна";"1977-6-20";"teacher"
"Людмила";"Пешкина";"Владимировна";"1989-8-12";"teacher"
"Клава";"Миклуш";"Александровна";"1995-11-5";"teacher"
"Владимир";"Павлов";"Александрович";"1976-6-6";"teacher"
"Иван";"Ришатов";"Александрович";"1971-1-5";"head_teacher"
"Нина";"Пешкина";"Владимировна";"1982-10-20";"head_teacher"
"Клава";"Пешкина";"Максимовна";"1977-8-9";"teacher"
"Сергей";"Клюев";"Сергеевич";"1976-12-11";"teacher"
"Клава";"Логвина";"Алексеевна";"1986-4-2";"teacher"
"Ксения";"Фукина";"Максимовна";"1981-7-8";"head_teacher"
"Нина";"Фукина";"Александровна";"2000-11-6";"head_teacher"
"Григорий";"Дунаев";"Сергеевич";"1987-8-26";"teacher"
"Галина";"Волошина";"Владимировна";"1976-9-28";"teacher"
"Полина";"Миклуш";"Сергеевна";"2000-11-25";"head_teacher"
"Ксения";"Пешкина";"Максимовна";"1970-2-2";"teacher"
"Григорий";"Седько";"Максимович";"1964-5-13";"teacher"
"Клава";"Фукина";"Владимировна";"1976-4-3";"head_teacher"
"Григорий";"Максименко";"Александрович";"1971-12-26";"head_teacher"
"Григорий";"Ришатов";"Алексеевич";"1982-2-27";"head_teacher"
"Евгений";"Максименко";"Алексеевич";"1978-10-26";"head_teacher"
"Полина";"Фукина";"Алексеевна";"1984-6-21";"teacher"
"Иван";"Клюев";"Александрович";"1983-5-6";"teacher"
"Людмила";"Фукина";"Максимовна";"1963-7-22";"teacher"
"Клава";"Пешкина";"Сергеевна";"1968-9-19";"teacher"
"Галина";"Миклуш";"Владимировна";"1965-9-16";"teacher"
"Людмила";"Фукина";"Максимовна";"1991-3-3";"teacher"
"Нина";"Волошина";"Максимовна";"1977-6-9";"head_teacher"
"Галина";"Логвина";"Владимировна";"1973-4-16";"teacher"
"Ксения";"Миклуш";"Сергеевна";"1977-9-18";"teacher"
"Алексей";"Дунаев";"Александрович";"1992-3-26";"teacher"
"Алексей";"Клюев";"Александрович";"1986-7-20";"head_teacher"
"Галина";"Логвина";"Сергеевна";"1995-6-11";"teacher"
"Иван";"Седько";"Алексеевич";"1994-11-21";"head_teacher"
"Иван";"Максименко";"Максимович";"1967-2-28";"head_teacher"
"Ксения";"Фукина";"Александровна";"1969-11-9";"teacher"
"Нина";"Суворина";"Сергеевна";"1973-9-23";"teacher"
"Полина";"Суворина";"Сергеевна";"1986-12-15";"teacher"
"Иван";"Дунаев";"Максимович";"1969-1-5";"teacher"
"Иван";"Максименко";"Владимирович";"1979-1-23";"head_teacher"
"Клава";"Фукина";"Сергеевна";"1981-8-6";"teacher"
"Нина";"Логвина";"Сергеевна";"1993-3-19";"teacher"
"Владимир";"Дунаев";"Алексеевич";"1966-6-10";"head_teacher"
"Клава";"Фукина";"Александровна";"1964-4-6";"head_teacher"
"Полина";"Фукина";"Александровна";"1993-1-7";"head_teacher"
"Григорий";"Седько";"Владимирович";"1975-6-3";"teacher"
"Владимир";"Максименко";"Максимович";"1985-9-8";"head_teacher"
"Галина";"Волошина";"Сергеевна";"1994-1-17";"teacher"
"Ксения";"Фукина";"Алексеевна";"1962-4-9";"head_teacher"
"Нина";"Логвина";"Александровна";"1985-5-8";"teacher"
"Григорий";"Павлов";"Сергеевич";"1971-8-7";"head_teacher"
"Владимир";"Дунаев";"Владимирович";"1993-1-1";"teacher"
"Полина";"Суворина";"Владимировна";"1989-5-4";"teacher"
"Сергей";"Павлов";"Владимирович";"1994-6-1";"teacher"
"Нина";"Логвина";"Владимировна";"1989-10-17";"teacher"
"Галина";"Логвина";"Алексеевна";"1975-9-2";"teacher"
"Сергей";"Клюев";"Сергеевич";"1984-5-4";"head_teacher"
"Полина";"Пешкина";"Владимировна";"1962-6-4";"head_teacher"
"Нина";"Пешкина";"Максимовна";"1977-11-9";"head_teacher"
"Владимир";"Максименко";"Алексеевич";"1961-8-10";"teacher"
"Иван";"Павлов";"Сергеевич";"2000-1-11";"head_teacher"
"Нина";"Пешкина";"Александровна";"1986-12-21";"teacher"
"Владимир";"Максименко";"Сергеевич";"1982-11-11";"teacher"
"Иван";"Ришатов";"Максимович";"1980-11-28";"head_teacher"
"Алексей";"Клюев";"Максимович";"1968-5-11";"head_teacher"
"Сергей";"Максименко";"Александрович";"1987-4-2";"head_teacher"
"Иван";"Клюев";"Максимович";"1980-4-11";"head_teacher"
"Иван";"Дунаев";"Владимирович";"1992-5-3";"teacher"
"Галина";"Волошина";"Максимовна";"1995-6-18";"teacher"
"Людмила";"Фукина";"Алексеевна";"1966-11-9";"teacher"
"Сергей";"Седько";"Алексеевич";"1982-6-26";"head_teacher"
"Ксения";"Миклуш";"Максимовна";"1964-7-6";"teacher"
"Нина";"Пешкина";"Алексеевна";"1967-6-8";"teacher"
"Людмила";"Суворина";"Максимовна";"1994-6-8";"head_teacher"
"Нина";"Волошина";"Максимовна";"1969-1-4";"head_teacher"
"Евгений";"Ришатов";"Алексеевич";"1972-4-5";"teacher"
"Евгений";"Дунаев";"Александрович";"1964-7-7";"head_teacher"
"Нина";"Пешкина";"Максимовна";"1982-12-10";"teacher"
"Галина";"Миклуш";"Максимовна";"1980-1-8";"head_teacher"
"Владимир";"Ришатов";"Максимович";"1982-2-26";"teacher"
"Владимир";"Клюев";"Алексеевич";"1996-12-17";"head_teacher"
"Людмила";"Суворина";"Максимовна";"1996-5-18";"head_teacher"
"Ксения";"Фукина";"Сергеевна";"1971-9-22";"teacher"
"Клава";"Фукина";"Алексеевна";"1994-2-12";"head_teacher"
"Ксения";"Суворина";"Владимировна";"1984-7-28";"teacher"
"Полина";"Логвина";"Максимовна";"1980-8-15";"head_teacher"
"Людмила";"Суворина";"Максимовна";"1967-12-17";"teacher"
"Полина";"Фукина";"Алексеевна";"1964-9-12";"teacher"
"Григорий";"Ришатов";"Владимирович";"1990-6-19";"teacher"
"Владимир";"Максименко";"Владимирович";"1974-12-17";"head_teacher"
"Алексей";"Клюев";"Владимирович";"1976-6-28";"teacher"
"Клава";"Пешкина";"Максимовна";"1960-2-24";"head_teacher"
"Нина";"Пешкина";"Максимовна";"1986-1-25";"head_teacher"
"Сергей";"Максименко";"Александрович";"1984-4-17";"teacher"
"Иван";"Дунаев";"Алексеевич";"1995-4-6";"teacher"
"Нина";"Пешкина";"Алексеевна";"1966-10-17";"head_teacher"
"Людмила";"Логвина";"Владимировна";"1994-4-22";"teacher"
"Григорий";"Седько";"Максимович";"1984-6-13";"teacher"
"Клава";"Суворина";"Владимировна";"1978-9-16";"head_teacher"
"Ксения";"Пешкина";"Александровна";"1990-9-28";"head_teacher"
"Клава";"Пешкина";"Александровна";"1974-10-25";"teacher"
"Григорий";"Дунаев";"Алексеевич";"1987-12-26";"teacher"
"Клава";"Миклуш";"Максимовна";"1963-9-28";"head_teacher"
"Нина";"Волошина";"Максимовна";"1975-4-5";"head_teacher"
"Ксения";"Суворина";"Александровна";"1987-11-24";"teacher"
"Людмила";"Суворина";"Владимировна";"1993-9-17";"teacher"
"Сергей";"Седько";"Алексеевич";"1993-1-17";"teacher"
"Иван";"Павлов";"Максимович";"1960-8-2";"teacher"
"Галина";"Миклуш";"Александровна";"1976-2-23";"head_teacher"
"Григорий";"Клюев";"Сергеевич";"1993-11-27";"teacher"
"Григорий";"Ришатов";"Александрович";"1978-5-9";"head_teacher"
"Галина";"Волошина";"Владимировна";"1986-11-18";"head_teacher"
"Иван";"Максименко";"Александрович";"1960-11-13";"head_teacher"
"Иван";"Ришатов";"Максимович";"1977-9-13";"teacher"
"Сергей";"Клюев";"Алексеевич";"1980-5-5";"head_teacher"
"Ксения";"Логвина";"Сергеевна";"1988-11-27";"head_teacher"
"Нина";"Волошина";"Сергеевна";"1991-8-8";"head_teacher"
"Галина";"Фукина";"Сергеевна";"1969-10-2";"head_teacher"
"Евгений";"Ришатов";"Алексеевич";"1983-4-27";"head_teacher"
"Евгений";"Седько";"Владимирович";"1997-4-22";"teacher"
"Полина";"Пешкина";"Алексеевна";"1979-11-5";"teacher"
"Галина";"Миклуш";"Владимировна";"1969-2-17";"teacher"
"Григорий";"Дунаев";"Сергеевич";"1976-4-28";"head_teacher"
"Галина";"Пешкина";"Максимовна";"1977-11-25";"head_teacher"
"Алексей";"Дунаев";"Александрович";"1999-8-11";"teacher"
"Ксения";"Логвина";"Сергеевна";"1971-3-22";"teacher"
"Алексей";"Максименко";"Александрович";"1968-8-27";"head_teacher"
"Евгений";"Ришатов";"Алексеевич";"1987-12-9";"head_teacher"
"Клава";"Суворина";"Александровна";"1969-9-12";"head_teacher"
"Иван";"Павлов";"Владимирович";"1964-1-17";"teacher"
"Сергей";"Максименко";"Максимович";"1995-3-3";"head_teacher"
"Алексей";"Ришатов";"Александрович";"1974-5-8";"head_teacher"
"Сергей";"Седько";"Сергеевич";"1961-6-2";"head_teacher"
"Галина";"Волошина";"Максимовна";"1973-4-24";"teacher"
"Сергей";"Клюев";"Сергеевич";"1984-2-17";"head_teacher"
"Ксения";"Пешкина";"Алексеевна";"1974-9-21";"teacher"
"Григорий";"Дунаев";"Александрович";"1990-6-5";"head_teacher"
"Григорий";"Дунаев";"Алексеевич";"2000-8-11";"head_teacher"
"Алексей";"Павлов";"Алексеевич";"1983-2-27";"teacher"
"Григорий";"Ришатов";"Владимирович";"1972-10-1";"teacher"
"Сергей";"Ришатов";"Алексеевич";"1997-1-9";"head_teacher"
"Владимир";"Клюев";"Алексеевич";"1983-11-1";"teacher"
"Клава";"Суворина";"Владимировна";"1971-8-23";"head_teacher"
"Евгений";"Седько";"Владимирович";"1979-8-21";"head_teacher"
"Сергей";"Дунаев";"Владимирович";"1963-3-16";"teacher"
"Иван";"Клюев";"Максимович";"1962-12-4";"head_teacher"
"Галина";"Фукина";"Владимировна";"1985-9-15";"head_teacher"
"Людмила";"Суворина";"Сергеевна";"1997-4-24";"teacher"
"Иван";"Павлов";"Максимович";"1973-8-5";"teacher"
"Ксения";"Фукина";"Сергеевна";"1980-3-15";"head_teacher"
"Галина";"Пешкина";"Владимировна";"1977-10-23";"teacher"
"Евгений";"Максименко";"Максимович";"1964-10-5";"head_teacher"
"Галина";"Логвина";"Сергеевна";"1987-9-6";"teacher"
"Нина";"Волошина";"Алексеевна";"1988-12-27";"teacher"
"Алексей";"Седько";"Максимович";"1961-10-9";"head_teacher"
"Григорий";"Дунаев";"Владимирович";"1992-5-6";"teacher"
"Евгений";"Седько";"Сергеевич";"1960-8-3";"teacher"
"Клава";"Миклуш";"Алексеевна";"1988-8-14";"head_teacher"
"Людмила";"Фукина";"Сергеевна";"1990-3-19";"teacher"
"Сергей";"Дунаев";"Максимович";"1973-4-21";"head_teacher"
"Людмила";"Волошина";"Владимировна";"1965-8-3";"teacher"
"Алексей";"Дунаев";"Александрович";"1988-11-5";"teacher"
"Иван";"Павлов";"Владимирович";"1984-3-23";"teacher"
"Евгений";"Ришатов";"Максимович";"1983-4-26";"teacher"
"Иван";"Павлов";"Александрович";"1989-8-5";"teacher"
"Евгений";"Дунаев";"Максимович";"1961-7-6";"teacher"
"Владимир";"Павлов";"Александрович";"1985-7-14";"head_teacher"
"Нина";"Суворина";"Максимовна";"1989-12-6";"head_teacher"
"Ксения";"Пешкина";"Максимовна";"1985-8-9";"teacher"
"Алексей";"Павлов";"Владимирович";"1999-8-5";"head_teacher"
"Ксения";"Фукина";"Максимовна";"1964-7-28";"teacher"
"Ксения";"Пешкина";"Владимировна";"1990-6-18";"teacher"
"Ксения";"Суворина";"Сергеевна";"1968-8-3";"teacher"
"Полина";"Миклуш";"Алексеевна";"1972-11-27";"head_teacher"
"Евгений";"Клюев";"Владимирович";"1991-12-3";"head_teacher"
"Григорий";"Дунаев";"Алексеевич";"1969-6-16";"head_teacher"
"Клава";"Волошина";"Александровна";"1970-3-2";"head_teacher"
"Полина";"Миклуш";"Владимировна";"1974-3-23";"teacher"
"Людмила";"Пешкина";"Владимировна";"1990-11-17";"teacher"
"Людмила";"Миклуш";"Александровна";"1982-4-14";"head_teacher"
"Владимир";"Павлов";"Владимирович";"1993-3-11";"teacher"
"Владимир";"Максименко";"Сергеевич";"1968-4-23";"teacher"
"Сергей";"Павлов";"Сергеевич";"1963-12-18";"head_teacher"
"Евгений";"Павлов";"Александрович";"1988-6-9";"teacher"
"Евгений";"Павлов";"Сергеевич";"1961-11-6";"teacher"
"Галина";"Логвина";"Алексеевна";"1962-4-1";"head_teacher"
"Алексей";"Ришатов";"Владимирович";"1999-2-9";"teacher"
"Алексей";"Ришатов";"Александрович";"1977-5-13";"teacher"
"Клава";"Пешкина";"Максимовна";"1976-5-20";"head_teacher"
"Григорий";"Павлов";"Алексеевич";"1985-8-25";"head_teacher"
"Владимир";"Максименко";"Александрович";"1970-8-15";"teacher"
"Алексей";"Ришатов";"Алексеевич";"1996-2-3";"teacher"
"Григорий";"Седько";"Сергеевич";"1963-4-18";"teacher"
"Галина";"Фукина";"Алексеевна";"1972-7-7";"teacher"
"Григорий";"Дунаев";"Максимович";"1973-10-28";"head_teacher"
"Алексей";"Максименко";"Владимирович";"1984-3-1";"head_teacher"
"Григорий";"Ришатов";"Александрович";"1989-8-1";"teacher"
"Иван";"Седько";"Алексеевич";"1966-9-13";"teacher"
"Клава";"Логвина";"Александровна";"1961-3-25";"head_teacher"
"Сергей";"Клюев";"Алексеевич";"1997-8-20";"head_teacher"
"Иван";"Максименко";"Александрович";"1996-4-8";"teacher"
"Владимир";"Седько";"Максимович";"1970-4-16";"teacher"
"Ксения";"Миклуш";"Максимовна";"1962-10-18";"teacher"
"Сергей";"Клюев";"Владимирович";"1989-5-10";"head_teacher"
"Нина";"Волошина";"Алексеевна";"1985-11-19";"teacher"
"Полина";"Суворина";"Максимовна";"1972-6-16";"teacher"
"Полина";"Пешкина";"Алексеевна";"1979-6-26";"head_teacher"
"Иван";"Павлов";"Сергеевич";"1960-4-14";"head_teacher"
"Нина";"Суворина";"Алексеевна";"1987-9-8";"teacher"
"Полина";"Пешкина";"Алексеевна";"1985-10-18";"teacher"
"Григорий";"Максименко";"Сергеевич";"1978-4-23";"head_teacher"
"Евгений";"Седько";"Алексеевич";"1980-5-24";"head_teacher"
"Евгений";"Павлов";"Александрович";"1982-7-27";"head_teacher"
"Евгений";"Ришатов";"Александрович";"1988-5-4";"head_teacher"
"Галина";"Волошина";"Алексеевна";"1970-11-5";"head_teacher"
"Алексей";"Павлов";"Александрович";"1969-3-11";"teacher"
"Алексей";"Клюев";"Александрович";"1991-10-12";"head_teacher"
"Людмила";"Миклуш";"Максимовна";"1981-8-20";"teacher"
"Сергей";"Седько";"Максимович";"1986-11-12";"teacher"
"Григорий";"Седько";"Алексеевич";"1988-6-10";"head_teacher"
"Клава";"Логвина";"Максимовна";"1965-1-2";"head_teacher"
"Алексей";"Дунаев";"Александрович";"1987-10-7";"head_teacher"
"Алексей";"Седько";"Максимович";"1999-2-24";"head_teacher"
"Владимир";"Ришатов";"Максимович";"1973-1-14";"head_teacher"
"Сергей";"Павлов";"Сергеевич";"1977-8-5";"teacher"
"Владимир";"Ришатов";"Александрович";"1979-8-20";"teacher"
"Владимир";"Павлов";"Алексеевич";"1999-8-20";"head_teacher"
"Алексей";"Седько";"Владимирович";"1983-5-20";"head_teacher"
"Алексей";"Ришатов";"Алексеевич";"2000-4-17";"teacher"
"Полина";"Волошина";"Александровна";"1982-5-15";"head_teacher"
"Ксения";"Волошина";"Александровна";"1992-10-1";"head_teacher"
"Нина";"Волошина";"Сергеевна";"1969-2-25";"teacher"
"Владимир";"Клюев";"Александрович";"1966-6-1";"teacher"
"Полина";"Фукина";"Сергеевна";"1997-11-26";"teacher"
"Иван";"Клюев";"Максимович";"1992-2-18";"head_teacher"
"Клава";"Пешкина";"Сергеевна";"1970-11-2";"head_teacher"
"Галина";"Волошина";"Максимовна";"1983-2-7";"head_teacher"
"Клава";"Логвина";"Александровна";"1965-10-5";"head_teacher"
"Людмила";"Пешкина";"Алексеевна";"1985-12-2";"head_teacher"
"Сергей";"Седько";"Максимович";"1971-2-18";"teacher"
"Григорий";"Максименко";"Александрович";"1961-1-16";"head_teacher"
"Владимир";"Ришатов";"Сергеевич";"1999-5-17";"head_teacher"
"Людмила";"Суворина";"Сергеевна";"1996-5-4";"teacher"
"Полина";"Фукина";"Алексеевна";"1969-11-2";"teacher"
"Ксения";"Миклуш";"Александровна";"1989-5-9";"teacher"
"Нина";"Логвина";"Александровна";"1990-9-11";"teacher"
"Клава";"Пешкина";"Александровна";"1999-4-9";"teacher"
"Евгений";"Клюев";"Сергеевич";"1972-8-23";"head_teacher"
"Алексей";"Максименко";"Александрович";"1984-6-25";"head_teacher"
"Алексей";"Седько";"Сергеевич";"1973-11-24";"teacher"
"Алексей";"Клюев";"Владимирович";"1999-5-25";"head_teacher"
"Григорий";"Седько";"Алексеевич";"1966-6-4";"teacher"
"Григорий";"Клюев";"Александрович";"1978-10-15";"teacher"
"Клава";"Миклуш";"Сергеевна";"2000-8-26";"teacher"
"Владимир";"Максименко";"Алексеевич";"1966-12-15";"head_teacher"
"Алексей";"Павлов";"Сергеевич";"1988-8-7";"head_teacher"
"Клава";"Пешкина";"Владимировна";"2000-12-16";"teacher"
"Клава";"Пешкина";"Сергеевна";"1964-11-21";"head_teacher"
"Нина";"Суворина";"Александровна";"1977-4-25";"teacher"
"Полина";"Суворина";"Владимировна";"1970-8-19";"teacher"
"Сергей";"Ришатов";"Сергеевич";"1988-3-25";"teacher"
"Евгений";"Ришатов";"Алексеевич";"1968-6-6";"head_teacher"
"Галина";"Фукина";"Александровна";"1991-5-28";"head_teacher"
"Иван";"Павлов";"Максимович";"1991-7-13";"teacher"
"Галина";"Фукина";"Алексеевна";"1999-1-13";"teacher"
"Сергей";"Павлов";"Максимович";"1967-11-20";"head_teacher"
"Владимир";"Дунаев";"Алексеевич";"1980-3-4";"teacher"
"Алексей";"Павлов";"Владимирович";"1968-12-25";"teacher"
"Клава";"Пешкина";"Александровна";"1969-7-4";"head_teacher"
"Нина";"Пешкина";"Алексеевна";"1978-12-1";"head_teacher"
"Владимир";"Ришатов";"Максимович";"1970-6-21";"head_teacher"
"Ксения";"Пешкина";"Владимировна";"2000-9-8";"teacher"
"Галина";"Волошина";"Александровна";"1961-8-11";"head_teacher"
"Иван";"Максименко";"Сергеевич";"1976-4-22";"teacher"
"Ксения";"Волошина";"Александровна";"1985-8-11";"head_teacher"
"Людмила";"Суворина";"Александровна";"1963-1-23";"head_teacher"
"Людмила";"Фукина";"Александровна";"1999-10-12";"head_teacher"
"Галина";"Волошина";"Владимировна";"1972-7-15";"head_teacher"
"Клава";"Миклуш";"Алексеевна";"1997-4-24";"teacher"
"Галина";"Логвина";"Александровна";"1961-8-3";"teacher"
"Клава";"Суворина";"Сергеевна";"1997-8-27";"head_teacher"
"Галина";"Суворина";"Александровна";"1981-10-8";"head_teacher"
"Сергей";"Клюев";"Владимирович";"1966-12-23";"head_teacher"
"Нина";"Логвина";"Максимовна";"1982-1-13";"teacher"
"Григорий";"Дунаев";"Александрович";"1966-10-11";"head_teacher"
"Ксения";"Логвина";"Алексеевна";"1974-12-22";"head_teacher"
"Ксения";"Волошина";"Сергеевна";"1987-7-26";"teacher"
"Алексей";"Ришатов";"Александрович";"1966-11-4";"teacher"
"Клава";"Миклуш";"Сергеевна";"1993-7-17";"head_teacher"
"Владимир";"Клюев";"Александрович";"1972-6-12";"teacher"
"Григорий";"Ришатов";"Александрович";"1973-8-24";"teacher"
"Владимир";"Максименко";"Александрович";"1983-1-2";"teacher"
"Алексей";"Павлов";"Алексеевич";"1962-10-26";"head_teacher"
"Сергей";"Дунаев";"Александрович";"1966-7-10";"teacher"
"Галина";"Логвина";"Максимовна";"1985-2-9";"head_teacher"
"Галина";"Суворина";"Владимировна";"1983-10-27";"head_teacher"
"Алексей";"Дунаев";"Алексеевич";"1963-6-8";"teacher"
"Клава";"Миклуш";"Александровна";"1988-6-17";"teacher"
"Клава";"Суворина";"Максимовна";"1996-4-8";"teacher"
"Галина";"Логвина";"Сергеевна";"1986-11-22";"teacher"
"Полина";"Суворина";"Сергеевна";"2000-9-2";"teacher"
"Ксения";"Фукина";"Алексеевна";"1979-4-9";"head_teacher"
"Полина";"Суворина";"Сергеевна";"1973-6-14";"head_teacher"
"Сергей";"Максименко";"Максимович";"1994-9-22";"head_teacher"
"Галина";"Пешкина";"Владимировна";"1977-8-12";"teacher"
"Ксения";"Логвина";"Александровна";"1965-3-28";"teacher"
"Людмила";"Логвина";"Владимировна";"1977-10-2";"teacher"
"Сергей";"Седько";"Александрович";"1984-10-21";"head_teacher"
"Галина";"Логвина";"Александровна";"1960-8-19";"teacher"
"Нина";"Фукина";"Сергеевна";"1989-6-18";"teacher"
"Людмила";"Волошина";"Максимовна";"1965-11-22";"head_teacher"
"Григорий";"Дунаев";"Сергеевич";"1972-11-4";"head_teacher"
"Нина";"Фукина";"Александровна";"1992-3-6";"teacher"
"Сергей";"Седько";"Алексеевич";"2000-11-5";"head_teacher"
"Иван";"Ришатов";"Максимович";"1983-6-21";"teacher"
"Евгений";"Дунаев";"Алексеевич";"1980-3-13";"teacher"
"Ксения";"Фукина";"Сергеевна";"1964-4-10";"teacher"
"Григорий";"Максименко";"Александрович";"1986-2-4";"head_teacher"
"Владимир";"Ришатов";"Александрович";"1997-7-13";"head_teacher"
"Ксения";"Пешкина";"Алексеевна";"1962-11-19";"teacher"
"Галина";"Миклуш";"Владимировна";"1961-6-24";"head_teacher"
"Григорий";"Максименко";"Сергеевич";"1961-11-25";"teacher"
"Владимир";"Максименко";"Алексеевич";"1975-11-8";"teacher"
"Алексей";"Максименко";"Владимирович";"1998-6-25";"head_teacher"
"Григорий";"Максименко";"Сергеевич";"1985-9-8";"head_teacher"
"Галина";"Пешкина";"Сергеевна";"1960-6-13";"teacher"
"Людмила";"Волошина";"Алексеевна";"2000-3-27";"teacher"
"Иван";"Максименко";"Алексеевич";"1982-4-21";"head_teacher"
"Полина";"Волошина";"Александровна";"1997-1-18";"teacher"
"Людмила";"Логвина";"Алексеевна";"1963-10-18";"head_teacher"
"Григорий";"Ришатов";"Александрович";"1988-1-15";"head_teacher"
"Галина";"Пешкина";"Владимировна";"1985-2-13";"head_teacher"
"Сергей";"Седько";"Сергеевич";"1992-12-8";"teacher"
"Галина";"Фукина";"Алексеевна";"1969-12-8";"teacher"
"Владимир";"Дунаев";"Владимирович";"1962-11-27";"teacher"
"Полина";"Суворина";"Алексеевна";"1987-11-25";"teacher"
"Людмила";"Пешкина";"Алексеевна";"1961-2-28";"head_teacher"
"Евгений";"Седько";"Сергеевич";"1993-12-23";"head_teacher"
"Евгений";"Павлов";"Владимирович";"1979-3-4";"teacher"
"Владимир";"Клюев";"Сергеевич";"1994-5-12";"head_teacher"
"Галина";"Волошина";"Алексеевна";"1973-5-14";"teacher"
"Владимир";"Максименко";"Максимович";"1971-11-11";"teacher"
"Ксения";"Логвина";"Александровна";"1994-1-6";"head_teacher"
"Владимир";"Клюев";"Сергеевич";"1987-7-25";"teacher"
"Людмила";"Суворина";"Максимовна";"1994-5-14";"teacher"
"Сергей";"Ришатов";"Максимович";"1993-12-12";"teacher"
"Григорий";"Максименко";"Александрович";"1994-12-13";"head_teacher"
"Сергей";"Ришатов";"Алексеевич";"1993-11-19";"head_teacher"
"Ксения";"Миклуш";"Сергеевна";"1985-2-11";"head_teacher"
"Евгений";"Павлов";"Алексеевич";"1996-11-25";"teacher"
"Галина";"Волошина";"Максимовна";"1998-1-7";"teacher"
"Полина";"Логвина";"Владимировна";"1989-8-8";"teacher"
"Полина";"Суворина";"Александровна";"1987-9-8";"head_teacher"
"Иван";"Дунаев";"Максимович";"1965-4-12";"head_teacher"
"Владимир";"Павлов";"Максимович";"1981-5-4";"head_teacher"
"Евгений";"Клюев";"Алексеевич";"1995-8-28";"teacher"
"Алексей";"Седько";"Владимирович";"1990-2-18";"head_teacher"
"Ксения";"Волошина";"Алексеевна";"1972-11-17";"teacher"
"Евгений";"Дунаев";"Алексеевич";"1988-7-6";"teacher"
"Григорий";"Дунаев";"Максимович";"1962-9-13";"head_teacher"
"Клава";"Логвина";"Сергеевна";"1990-1-8";"teacher"
"Григорий";"Максименко";"Сергеевич";"1983-8-25";"head_teacher"
"Сергей";"Павлов";"Алексеевич";"1990-5-23";"head_teacher"
"Алексей";"Ришатов";"Владимирович";"1974-7-18";"teacher"
"Нина";"Миклуш";"Максимовна";"1982-8-13";"teacher"
"Галина";"Логвина";"Сергеевна";"1969-11-16";"teacher"
"Алексей";"Дунаев";"Александрович";"1995-5-28";"head_teacher"
"Галина";"Фукина";"Алексеевна";"1988-12-27";"head_teacher"
"Григорий";"Седько";"Сергеевич";"1986-12-24";"head_teacher"
"Иван";"Седько";"Алексеевич";"1973-3-1";"head_teacher"
"Галина";"Логвина";"Алексеевна";"1980-3-11";"head_teacher"
"Григорий";"Максименко";"Максимович";"1999-6-18";"teacher"
"Клава";"Миклуш";"Владимировна";"1963-5-28";"head_teacher"
"Сергей";"Дунаев";"Сергеевич";"1992-5-4";"head_teacher"
"Алексей";"Седько";"Максимович";"1975-12-6";"teacher"
"Полина";"Суворина";"Максимовна";"1974-2-20";"teacher"
"Владимир";"Клюев";"Максимович";"1971-9-27";"teacher"
"Иван";"Максименко";"Александрович";"1983-8-14";"head_teacher"
"Ксения";"Миклуш";"Сергеевна";"1979-4-23";"teacher"
"Ксения";"Миклуш";"Максимовна";"1974-2-24";"teacher"
"Полина";"Фукина";"Сергеевна";"1962-11-11";"head_teacher"
"Ксения";"Суворина";"Сергеевна";"1980-3-13";"teacher"
"Сергей";"Дунаев";"Алексеевич";"1965-8-16";"head_teacher"
"Полина";"Волошина";"Александровна";"1969-3-21";"teacher"
"Сергей";"Дунаев";"Владимирович";"1971-9-7";"head_teacher"
"Полина";"Волошина";"Сергеевна";"1986-1-6";"head_teacher"
"Алексей";"Дунаев";"Сергеевич";"1984-6-28";"teacher"
"Нина";"Суворина";"Александровна";"1962-9-13";"head_teacher"
"Евгений";"Седько";"Максимович";"1962-11-19";"teacher"
"Евгений";"Седько";"Максимович";"1970-4-20";"head_teacher"
"Владимир";"Павлов";"Владимирович";"1989-2-17";"teacher"
"Галина";"Пешкина";"Александровна";"1983-8-3";"teacher"
"Галина";"Фукина";"Сергеевна";"1983-7-3";"head_teacher"
"Галина";"Суворина";"Александровна";"1981-11-6";"teacher"
"Иван";"Павлов";"Сергеевич";"1982-8-11";"teacher"
"Галина";"Пешкина";"Сергеевна";"1993-8-15";"teacher"
"Иван";"Максименко";"Александрович";"1975-10-15";"teacher"
"Григорий";"Ришатов";"Сергеевич";"1982-12-19";"teacher"
"Владимир";"Ришатов";"Сергеевич";"1989-8-14";"teacher"
"Евгений";"Максименко";"Александрович";"1990-2-22";"head_teacher"
"Галина";"Волошина";"Максимовна";"1975-6-20";"teacher"
"Галина";"Фукина";"Алексеевна";"1966-5-4";"teacher"
"Полина";"Фукина";"Сергеевна";"1998-4-26";"head_teacher"
"Людмила";"Пешкина";"Максимовна";"1981-10-4";"teacher"
"Иван";"Максименко";"Сергеевич";"1970-7-16";"head_teacher"
"Сергей";"Клюев";"Алексеевич";"1963-6-12";"teacher"
"Григорий";"Клюев";"Сергеевич";"1989-9-8";"teacher"
"Иван";"Клюев";"Максимович";"1961-7-16";"teacher"
"Нина";"Миклуш";"Александровна";"1964-9-25";"teacher"
"Григорий";"Максименко";"Александрович";"1984-4-17";"head_teacher"
"Владимир";"Седько";"Александрович";"1995-4-5";"head_teacher"
"Полина";"Логвина";"Владимировна";"1976-8-9";"head_teacher"
"Сергей";"Дунаев";"Владимирович";"1967-2-23";"teacher"
"Сергей";"Седько";"Владимирович";"1964-9-10";"head_teacher"
"Галина";"Суворина";"Александровна";"1997-8-21";"teacher"
"Ксения";"Фукина";"Алексеевна";"1961-12-27";"head_teacher"
"Людмила";"Суворина";"Сергеевна";"1961-8-7";"teacher"
"Людмила";"Логвина";"Максимовна";"1988-9-26";"head_teacher"
"Людмила";"Логвина";"Владимировна";"1963-12-16";"teacher"
"Владимир";"Клюев";"Владимирович";"1984-1-22";"teacher"
"Григорий";"Дунаев";"Алексеевич";"1990-7-9";"head_teacher"
"Клава";"Пешкина";"Александровна";"1960-4-24";"head_teacher"
"Иван";"Седько";"Алексеевич";"1978-2-24";"head_teacher"
"Иван";"Ришатов";"Владимирович";"1996-2-19";"head_teacher"
"Евгений";"Максименко";"Сергеевич";"1964-10-18";"head_teacher"
"Клава";"Суворина";"Владимировна";"1982-1-7";"head_teacher"
"Евгений";"Клюев";"Алексеевич";"1992-3-4";"head_teacher"
"Клава";"Суворина";"Алексеевна";"1992-3-26";"head_teacher"
"Людмила";"Суворина";"Алексеевна";"1998-5-24";"teacher"
"Сергей";"Седько";"Максимович";"1977-5-10";"teacher"
"Нина";"Миклуш";"Алексеевна";"1990-11-3";"teacher"
"Галина";"Миклуш";"Сергеевна";"1967-12-28";"head_teacher"
"Сергей";"Павлов";"Алексеевич";"1980-2-1";"teacher"
"Алексей";"Максименко";"Максимович";"1975-1-1";"head_teacher"
"Полина";"Волошина";"Александровна";"1975-9-24";"teacher"
"Клава";"Фукина";"Сергеевна";"1991-7-7";"teacher"
"Иван";"Дунаев";"Максимович";"1994-8-18";"head_teacher"
"Владимир";"Клюев";"Максимович";"1996-7-10";"head_teacher"
"Евгений";"Седько";"Сергеевич";"1977-7-9";"head_teacher"
"Нина";"Миклуш";"Александровна";"1970-12-25";"head_teacher"
"Клава";"Логвина";"Владимировна";"1984-9-20";"head_teacher"
"Нина";"Фукина";"Владимировна";"1986-1-24";"head_teacher"
"Нина";"Волошина";"Алексеевна";"1960-3-3";"teacher"
"Владимир";"Седько";"Максимович";"1977-1-28";"head_teacher"
"Нина";"Миклуш";"Сергеевна";"1992-6-26";"teacher"
"Иван";"Максименко";"Сергеевич";"1999-9-10";"teacher"
"Людмила";"Миклуш";"Владимировна";"1996-8-27";"teacher"
"Клава";"Логвина";"Владимировна";"1968-8-26";"teacher"
"Владимир";"Седько";"Владимирович";"1987-5-6";"teacher"
"Иван";"Максименко";"Максимович";"1965-6-12";"head_teacher"
"Сергей";"Седько";"Владимирович";"1996-6-10";"teacher"
"Алексей";"Седько";"Максимович";"1982-5-18";"head_teacher"
"Владимир";"Дунаев";"Сергеевич";"1991-5-24";"teacher"
"Алексей";"Максименко";"Сергеевич";"2000-8-25";"head_teacher"
"Клава";"Суворина";"Владимировна";"1963-8-6";"teacher"
"Алексей";"Ришатов";"Александрович";"1997-4-22";"teacher"
"Евгений";"Павлов";"Владимирович";"1972-1-6";"teacher"
"Сергей";"Седько";"Александрович";"1980-5-19";"head_teacher"
"Галина";"Миклуш";"Владимировна";"1993-2-14";"head_teacher"
"Евгений";"Клюев";"Владимирович";"1974-2-20";"head_teacher"
"Владимир";"Дунаев";"Владимирович";"1991-8-28";"head_teacher"
"Людмила";"Волошина";"Александровна";"1983-3-5";"head_teacher"
"Галина";"Миклуш";"Владимировна";"1980-2-27";"head_teacher"
"Галина";"Пешкина";"Сергеевна";"1979-5-6";"teacher"
"Полина";"Логвина";"Алексеевна";"1998-9-28";"teacher"
"Алексей";"Седько";"Владимирович";"1994-2-13";"head_teacher"
"Нина";"Суворина";"Максимовна";"1993-10-7";"head_teacher"
"Иван";"Максименко";"Максимович";"1978-12-10";"head_teacher"
"Ксения";"Фукина";"Сергеевна";"1970-8-27";"teacher"
"Сергей";"Павлов";"Максимович";"1985-5-20";"head_teacher"
"Людмила";"Суворина";"Сергеевна";"1985-11-9";"teacher"
"Полина";"Волошина";"Сергеевна";"1975-11-9";"head_teacher"
"Нина";"Пешкина";"Александровна";"1964-4-1";"teacher"
"Алексей";"Максименко";"Владимирович";"1997-3-4";"teacher"
"Алексей";"Максименко";"Максимович";"1989-7-26";"head_teacher"
"Евгений";"Максименко";"Алексеевич";"1972-10-18";"head_teacher"
"Людмила";"Фукина";"Владимировна";"1961-1-13";"head_teacher"
"Клава";"Миклуш";"Максимовна";"1967-1-1";"teacher"
"Людмила";"Волошина";"Сергеевна";"1993-3-4";"teacher"
"Галина";"Суворина";"Александровна";"1978-2-28";"head_teacher"
